#{"t_start": 1729883263.2259, "env_id": "None"}
r,l,t,is_broken
-0.5522,1,1.257268,False
nan,1,1.711374,False
-0.60407,1,2.385132,False
-0.56412,1,3.231608,False
-0.604852,1,3.882299,False
nan,1,4.465075,False
-0.554105,1,5.309803,False
nan,1,5.740691,False
-0.56744,1,6.594405,False
-0.09609,1,7.451873,False
-0.974785,1,7.97756,False
-0.560137,1,8.816469,False
-0.99925,1,9.335062,False
-0.513919,1,10.044474,False
-0.560124,1,10.904834,False
-0.563209,1,11.726783,False
