#{"t_start": 1729883685.6949, "env_id": "None"}
r,l,t,is_broken
-0.738891,1,0.969018,False
407.111786,1,1.99795,True
-0.67723,1,2.574018,False
0.704169,1,3.296058,True
-0.669923,1,3.893495,False
-0.681042,1,4.54737,False
-0.66974,1,5.093567,False
-0.681035,1,5.62932,False
-0.669478,1,6.16148,False
-0.927484,1,6.816619,False
-0.996512,1,7.367336,False
-0.67744,1,7.901565,False
-0.999537,1,8.435822,False
-0.674021,1,9.154729,False
-0.67735,1,9.687748,False
-0.680786,1,10.249643,False
