#{"t_start": 1729896029.8511, "env_id": "None"}
r,l,t,is_broken
0.799305,1,0.902339,False
0.799305,1,1.535952,False
0.799305,1,2.175669,False
0.799306,1,7.042278,False
0.799305,1,7.670786,False
0.799306,1,9.775295,False
0.799305,1,10.470126,False
0.799305,1,11.098438,False
0.992272,1,11.59941,False
-6.160246,1,12.246378,True
-17.187763,1,12.75911,True
0.799305,1,13.402229,False
0.799305,1,14.04492,False
0.799305,1,14.6925,False
0.799305,1,15.395262,False
0.958314,1,16.033619,False
